{
	"info": {
		"_postman_id": "8f8d7957-9de5-4739-9a7d-50b7f039e7a3",
		"name": "ts-simple-rest-apis",
		"description": "Simplest CRUD Node.js TypeScript Example",
		"schema": "https://schema.getpostman.com/json/collection/v2.1.0/collection.json"
	},
	"item": [
		{
			"name": "http://localhost:4111/profile",
			"protocolProfileBehavior": {
				"disabledSystemHeaders": {}
			},
			"request": {
				"method": "POST",
				"header": [],
				"body": {
					"mode": "raw",
					"raw": "{\r\n    \"firstname\": \"John\",\r\n    \"lastname\": \"Doe\",\r\n    \"dob\": \"16/6/2020\",\r\n    \"address\": \"23rd Mukarji Nagar\"\r\n}",
					"options": {
						"raw": {
							"language": "json"
						}
					}
				},
				"url": {
					"raw": "http://localhost:4111/profiles",
					"protocol": "http",
					"host": [
						"localhost"
					],
					"port": "4111",
					"path": [
						"profiles"
					]
				}
			},
			"response": []
		},
		{
			"name": "http://localhost:4111/profiles",
			"request": {
				"method": "GET",
				"header": [],
				"url": {
					"raw": "http://localhost:4111/profiles",
					"protocol": "http",
					"host": [
						"localhost"
					],
					"port": "4111",
					"path": [
						"profiles"
					]
				}
			},
			"response": []
		},
		{
			"name": "http://localhost:4111/profiles",
			"request": {
				"method": "PUT",
				"header": [],
				"body": {
					"mode": "raw",
					"raw": "{\r\n    \"firstname\": \"John\",\r\n    \"lastname\": \"Doel\",\r\n    \"dob\": \"16/6/2020\",\r\n    \"address\": \"23rd Mukherjee Nagar\"\r\n}",
					"options": {
						"raw": {
							"language": "json"
						}
					}
				},
				"url": {
					"raw": "http://localhost:4111/profiles",
					"protocol": "http",
					"host": [
						"localhost"
					],
					"port": "4111",
					"path": [
						"profiles"
					]
				}
			},
			"response": []
		}
	],
	"protocolProfileBehavior": {}
}